2018-easyprivacy,Website
16,allegro.pl
5,ameblo.jp
22,allrecipes.com
7,ai.marketing
2,1337x.to
35,ahram.org.eg
25,9gag.com
2,17ok.com
35,alwafd.news
22,as.com
18,chouftv.ma
5,archive.org
48,babytree.com
10,bitly.com
5,animeflv.net
24,ca.gov
7,cjdropshipping.com
4,axieinfinity.com
8,bongacams.com
21,chaturbate.com
7,bybit.com
23,coinmarketcap.com
2,coinpayu.com
9,depositphotos.com
4,codepen.io
102,crowdworks.jp
2,crypto.com
7,divar.ir
5,discordapp.com
25,elpais.com
12,elementor.com
42,eksisozluk.com
5,envato.com
3,dnevnik.ru
2,disqus.com
2,duckduckgo.com
19,evernote.com
5,fontawesome.com
2,github.com
15,fril.jp
15,freshdesk.com
12,getadblock.com
28,genius.com
2,info.com
18,kakaku.com
4,iweihai.cn
7,go.com
5,ibicn.com
23,hootsuite.com
15,kumparan.com
17,imgur.com
0,ionos.com
23,heavy.com
8,hbomax.com
3,mihoyo.com
12,lenta.ru
12,monday.com
9,metamask.io
2,namnak.com
2,myworkdayjobs.com
6,mailchimp.com
2,mail.ru
9,medium.com
6,leetcode.com
2,opensea.io
22,parsfootball.com
7,onlyfans.com
0,ok.ru
11,newsreader@ebc.net.tw
4,pixabay.com
11,padlet.com
5,pngtree.com
2,ngacn.cc
10,people.com.cn
12,nextdoor.com
18,patch.com
34,nypost.com
9,poki.com
3,protonmail.com
19,prnt.sc
16,razorpay.com
8,quillbot.com
9,quizlet.com
7,saednews.com
2,shareasale.com
2,roozaneh.net
9,seekingalpha.com
10,shopee.tw
3,shaparak.ir
9,shopee.co.th
26,ria.ru
10,shopee.vn
5,steamcommunity.com
9,smallpdf.com
17,sourceforge.net
9,stackoverflow.com
19,slickdeals.net
18,squareup.com
14,slack.com
5,stackexchange.com
2,soso.com
28,spankbang.com
20,stockx.com
8,tejaratnews.com
4,stripchat.com
4,teachable.com
8,themeforest.net
5,telegram.org
39,techcrunch.com
2,t.co
11,taleo.net
2,t66y.com
82,uidai.gov.in
6,tinder.com
3,vk.com
15,uchi.ru
5,torob.com
16,trello.com
3,tistory.com
4,trustwallet.com
12,unsplash.com
2,thepiratebay.org
23,vimeo.com
4,258.com
17,vnexpress.net
4,360.cn
17,weather.com
2,wazirx.com
24,wordpress.com
4,weibo.com
10,web.de
11,wordpress.org
7,wetransfer.com
0,163.com
23,accuweather.com
14,academia.edu
29,51yes.com
7,52pk.com
4,51.la
2,9384.com
2,6.cn
2,51sole.com
11,addthis.com
37,airbnb.com
2,alipay.com
14,albawabhnews.com
5,alibaba.com
26,adp.com
2,agoda.com
11,aliexpress.com
14,adobe.com
10,amazon.co.jp
9,amazon.ca
6,amazon.com.br
7,amazon.com.au
9,amazon.com
9,alodokter.com
9,amazon.in
9,amazon.de
13,android.com
10,amazon.es
19,americanexpress.com
9,amazon.it
8,amazon.fr
12,atlassian.com
17,avito.ru
15,asriran.com
25,aol.com
7,asus.com
5,ask.com
7,babyschool.com.cn
12,aparat.com
4,apple.com
9,asos.com
15,att.com
5,bbc.co.uk
14,bestbuy.com
9,bbc.com
18,bedbathandbeyond.com
2,baidu.com
8,bet9ja.com
2,bet365.com
41,bhaskar.com
65,bloomberg.com
20,bluehost.com
22,bilibili.com
8,biobiochile.cl
10,biblegateway.com
13,blackboard.com
2,bing.com
2,bhphotovideo.com
10,bolasport.com
26,bukalapak.com
53,businessinsider.com
9,booking.com
7,breitbart.com
10,chase.com
5,capitalone.com
13,cambridge.org
0,chaduo.com
21,cbssports.com
8,chron.com
17,chegg.com
8,cj.com
2,chinanetrank.com
5,chess.com
7,clickbank.com
8,cnblogs.com
4,cnet.com
9,cnbc.com
14,cloudflare.com
6,clickfunnels.com
27,cnbeta.com
10,coupang.com
6,costco.com
27,coursehero.com
4,coinbase.com
30,cnnindonesia.com
15,cnnic.cn
28,cnn.com
7,codelist.cc
28,dailymotion.com
25,cvs.com
55,crunchyroll.com
7,dangdang.com
13,daum.net
9,csdn.net
2,dianping.com
19,deviantart.com
21,detik.com
14,delta.com
20,digikala.com
6,dell.com
63,dcinside.com
16,dostor.org
10,dmm.co.jp
28,dropbox.com
14,douban.com
23,dstv.com
3,docin.com
13,doordash.com
22,ebay.com
9,ebay-kleinanzeigen.de
23,ea.com
18,ebay.com.au
13,eatthis.com
22,ebay.co.uk
25,ebay.de
6,eghtesadnews.com
7,eee114.com
6,ecer.com
16,ensonhaber.com
36,elwatannews.com
2,endclothing.com
15,espn.com
25,elbalad.news
7,epicgames.com
35,ettoday.net
10,fardanews.com
13,eventbrite.com
3,facebook.com
32,farfetch.com
11,expedia.com
10,etsy.com
19,etoro.com
5,flickr.com
5,focus.cn
2,fidelity.com
2,fedex.com
34,forbes.com
10,fool.com
14,formula1.com
10,filimo.com
51,fiverr.com
19,flipkart.com
11,flashscore.com
19,globalsources.com
9,gap.com
6,freecodecamp.org
6,gmx.net
23,foxnews.com
27,geeksforgeeks.org
0,freepik.com
16,freelancer.com
11,globo.com
8,gismeteo.ru
36,gome.com.cn
2,google.co.id
4,godaddy.com
2,google.co.ve
2,google.co.kr
2,google.az
2,google.cn
2,google.co.uk
2,google.co.jp
5,goodreads.com
2,google.co.th
2,google.ca
2,google.com.sa
2,google.com
2,google.com.tr
2,google.com.hk
2,google.com.mx
2,google.com.sg
2,google.com.eg
2,google.com.br
2,google.com.ar
2,google.com.au
2,google.it
2,google.com.tw
11,grammarly.com
2,google.de
2,google.gr
2,google.com.ua
2,google.ru
2,google.pl
2,google.dz
2,google.com.vn
4,gosuslugi.ru
2,google.ro
13,hindustantimes.com
4,hepsiburada.com
32,hotstar.com
25,hostgator.com
17,hao123.com
3,gusuwang.com
14,gsmarena.com
31,healthline.com
6,homedepot.com
17,hdfcbank.com
5,huim.com
2,house365.com
34,ign.com
32,hulu.com
16,icicibank.com
18,idntimes.com
5,imdb.com
10,indiamart.com
6,instagram.com
12,instructure.com
14,indeed.com
0,inquirer.net
6,ilovepdf.com
18,iherb.com
5,iliangcang.com
25,indiatimes.com
4,in.gr
2,ih5.cn
2,ikea.com
24,irs.gov
23,istockphoto.com
20,investopedia.com
5,irctc.co.in
19,investing.com
3,intuit.com
9,iqiyi.com
8,jianshu.com
0,jiameng.com
34,jawapos.com
2,it168.com
7,iyiou.com
8,jotform.com
8,japanpost.jp
2,kuronekoyamato.co.jp
29,kompas.com
18,kohls.com
20,ladbible.com
24,kapanlagi.com
15,kooora.com
6,lazada.co.th
6,lazada.sg
9,kickstarter.com
5,kdslife.com
5,leboncoin.fr
5,livescore.com
11,lowes.com
20,livejournal.com
12,linkedin.com
31,ltn.com.tw
8,liansuo.com
23,liputan6.com
20,lyst.com
18,matchesfashion.com
29,manoramaonline.com
20,marca.com
18,macys.com
20,makemytrip.com
25,merdeka.com
3,mercadolibre.com.ar
25,medicalnewstoday.com
3,mercadolivre.com.br
13,mercari.com
15,mathrubhumi.com
13,mediafire.com
2,mercadolibre.com.mx
2,meituan.com
5,meesho.com
6,mehrnews.com
2,morningpost.com.cn
11,moneycontrol.com
9,msn.com
38,mrporter.com
11,myntra.com
2,messenger.com
11,merriam-webster.com
28,mheducation.com
0,metropoles.com
6,mit.edu
4,microsoft.com
6,namasha.com
6,naver.com
21,mytheresa.com
30,nba.com
14,naukri.com
10,namecheap.com
22,ndtv.com
24,n11.com
7,netflix.com
19,news18.com
9,nih.gov
16,noon.com
21,npr.org
5,nfl.com
24,newegg.com
7,nike.com
21,nicovideo.jp
6,note.com
18,nikkei.com
3,nytimes.com
4,oeeee.com
14,okezone.com
22,op.gg
12,orange.fr
23,ouedkniss.com
13,oschina.net
2,office.com
17,okta.com
12,onlinesbi.com
23,olx.in
2,otto.de
16,ozon.ru
7,overstock.com
11,patreon.com
2,panda.tv
7,pcbaby.com.cn
36,outbrain.com
0,pchome.com.tw
31,pcmag.com
8,pexels.com
12,pornhub.com
34,pixnet.net
16,pikiran-rakyat.com
13,qq.com
9,rakuten.co.jp
7,primevideo.com
5,qoo10.sg
15,premierleague.com
46,proiezionidiborsa.it
0,rednet.cn
23,rakuten.com
27,realtor.com
5,renren.com
13,redbubble.com
10,rambler.ru
7,reddit.com
19,redfin.com
68,reuters.com
7,roblox.com
26,rottentomatoes.com
20,rt.com
14,rokna.net
2,runoob.com
13,researchgate.net
9,riotgames.com
8,sahibinden.com
7,sciencedirect.com
13,sarkariresult.com
14,schwab.com
17,setn.com
13,seznam.cz
19,salesforce.com
16,scribd.com
4,shopbop.com
8,sindonews.com
6,shutterstock.com
7,shippingchina.com
7,shopify.com
3,shopstyle.com
95,sina.com.cn
13,slideshare.net
4,shutterfly.com
0,shein.com
18,sportbible.com
3,sogou.com
20,southcn.com
33,sporx.com
25,squarespace.com
2,sq.cn
11,sonhoo.com
4,sohu.com
46,speedtest.net
2,so.com
15,softonic.com
11,ssense.com
0,suara.com
16,t-mobile.com
24,taboola.com
18,surveymonkey.com
2,substack.com
5,telewebion.com
9,tianya.cn
2,tamin.ir
6,thingiverse.com
2,taobao.com
18,thesaurus.com
2,target.com
25,theepochtimes.com
46,ticketmaster.com
2,tmall.com
27,tribunnews.com
11,topfo.com
10,trustpilot.com
9,tradingview.com
14,tripadvisor.com
27,tokopedia.com
16,trendyol.com
2,tudou.com
21,ubereats.com
21,uol.com.br
2,turkiye.gov.tr
0,uptodown.com
16,tutorialspoint.com
24,udemy.com
10,tumblr.com
8,ultimate-guitar.com
5,twitch.tv
66,upwork.com
9,usatoday.com
18,verizon.com
15,visitbeijing.com.cn
16,vidio.com
26,usnews.com
11,usps.com
2,w3school.com.cn
5,w3schools.com
6,whatsapp.com
8,walmart.com
14,walgreens.com
41,webmd.com
6,wellsfargo.com
2,vvvdj.com
2,wikimedia.org
12,washingtonpost.com
10,wish.com
2,ximalaya.com
14,wix.com
26,xfinity.com
4,xabbs.com
10,wp.pl
4,xnxx.com
2,wikipedia.org
33,worldometers.info
2,yahoo.co.jp
7,zara.com
8,yoox.com
2,xvideos.com
24,yeniakit.com.tr
4,zhiding.cn
6,yahoo.com
13,yelp.com
4,zhanqi.tv
13,youporn.com
18,yy.com
6,youtube.com
25,zendesk.com
41,zhibo8.cc
2,yts.mx
5,zhihu.com
26,zillow.com
6,xhamster.com
2,yjc.news
12,canada.ca
12,cricbuzz.com
6,zerodha.com
4,xhamsterlive.com
45,zoom.us
2,lenovo.com
7,y2mate.com
9,zol.com.cn
